id,text,numChoice,query1,refer1,query2,refer2,query3,refer3,query4,refer4,query5,refer5,query6,refer6
-1,"Hai Meddy, namaku Melly, apa yang bisa aku bantu hari ini? Meddy bisa mengetikkan pesan-pesan ini supaya aku bisa merespon dengan baik.",6,"Apa Kabar",1,"Self Acceptance",2,"Body Image",3,"Tentang Makanan",4,"I'm not okay",5,"Lihat pilihan lain",0
0,"Hal-hal lain yang bisa Meddy tanyakan ke Melly",5,"Cari tau tentang mealth",6,"Bagaimana cara aku berkontribusi",7,"Fun facts",8,"Mau tau lebih banyak tentang mealth",9,"Kembali ke Halaman Sebelumnya",-1,,
1,"Wah, Melly lagi seneng banget nih hari ini! Melly mau tau dong kabar Meddy gimana?",2,"Aku lagi bahagia nih",10,"Aku lagi sedih ni",11,,,,,,,,
2,"Hi, apa yang ingin Meddy ketahui tentang Self Acceptance nih?",3,"Melly, aku Insecure nih",12,"Gimana cara untuk mulai menerima diri sendiri",13,"Gimana ya biar aku ga bandingin diriku sama orang terus",14,,,,,,
3,"Hi Meddy! Penting loh untuk tau informasi tentang Body Image untuk lebih mensyukuri diri sendiri! Silahkan ketik dan kirim informasi yang Meddy butuhkan ya",3,"Apa itu body image?",15,"Apa itu positive body image?",16,"Bagaimana cara memiliki positive body image?",17,,,,,,
4,"Hi! Meddy ingin tahu apa tentang makanan ni?",4,"Pola makan yang sehat",18,"Tentang Eating Disorder",19,"Rekomendasi Makanan Hari Ini",20,"Tips Diet",21,,,,
5,"Hi, Melly cukup sedih dengarnya, mungkin Meddy bisa nih coba cara berikut yang dapat membantu Meddy meringankan beberapa masalah Meddy",3,"Cerita ke orang lain",22,"Cerita ke Ahli",23,"Gabung komunitas",24,,,,,,
6,"Hai! Banyak info nih tentang Mealth, Meddy mau tau yang mana?",3,"Mealth itu apa sih",25,"Event Mealth",26,"Komunitas Mealth",27,,,,,,
7,"Terimakasih ya, udah mau bantu Melly buat berkontribusi menyelesaikan permasalahan eating disorder ini! Meddy bisa bantu Melly dengan berbagai cara loh, bisa Meddy lihat detailnya di bawah ini",2,"Bangun lingkungan yang positif",28,"Aktif terlibat dan sebarkan informasi",29,,,,,,,,
8,"Wah, Melly senang karena Meddy rasa ingin tahunya cukup tinggi! Ada beberapa funfact tentang eating disorder nih yang bisa Meddy ketahui! ",3,"Fact A",30,"Fact B",31,"Fact C",32,,,,,,
9,"Klik link dibawah ini ya!\n1. Join Community Mealth https://bit.ly/MealthGroupCommunity. \nInstagram Mealth https://www.instagram.com/mealth_id/. \nKonsultasi dengan psikolog ? link ke page consultation",0,,,,,,,,,,,,
10,"Wah, Melly turut senang kalo Meddy lagi bahagia nih! Semoga Meddy kedepannya bisa terus bahagia, selalu bersyukur, dan bisa menjadi diri Meddy yang terbaik setiap harinya! ",0,,,,,,,,,,,,
11,"It's okay Meddy, wajar banget kok untuk merasakan sedih, just take your time! Kadang rasa sedih juga bisa membuat diri kita belajar sesuatu yang baru. Percaya aja, apa pun yang lagi dilalui, semua pasti ada jalan keluarnya! \n\nJust friendly reminder dari Melly, kalau hidup itu gak akan selalu sempurna. Kadang hidup ga berjalan sesuai dengan rencana kita. Tapi, kita bisa belajar untuk bahagia dengan cara mensyukuri yang ada \n\nDan Melly berharap dan percaya kalau masa-masa berat di hidupmu akan segera berlalu. Meskipun terasa panjang, nikmatin prosesnya, kamu pasti bisa kok. Karena kalau dipikir-pikir, segala sesuatu pasti ada akhirnya! Semangat Meddy, sending virtual hugs!",0,,,,,,,,,,,,
12,"Hi Meddy, untuk merasakan sedih, merasa kurang, tidak bisa melakukan sesuatu dengan benar, itu normal kok. Tapi merasa insecure berkepanjangan ga baik loh karena secara nggak sadar, itu bisa mempengaruhi performa bahkan kesehatan kamu. \n\nTerlebih lagi, kamu ga bisa membandingkan diri kamu sama orang lain, Meddy. Kamu cuma layak membandingkan dengan diri kamu yang sebelumnya. Ingat, kamu berharga! Dan seharusnya kamu bangga sama semua yang pernah kamu lalui dan kamu capai.",0,,,,,,,,,,,,
13,"Self acceptance itu adalah ketika tidak lagi membandingkan diri dengan orang lain. Coba mulai dengan mengenali diri sendiri, kasih waktu untuk diri kamu. Coba berbagai aktivitas, cari tau apa yang kamu suka, apa kelebihan kamu, dan fokuslah sama kelebihan itu. \n\n Tapi menerima diri tidak berhenti sampai situ, tapi berusaha untuk menjadi the best version of you. Self acceptance berarti untuk terus mengembangakan diri menjadi yang lebih baik. Dan tentunya untuk bangga dan mengekspresikan diri kamu!",0,,,,,,,,,,,,
14,"Kamu harus bisa menerima kekurangan yang kamu punya dan menyadari kelebihan yang kamu miliki. Dengan menerima semua yang kamu miliki, kamu akan sadar bahwa akhirnya setiap orang di dunia ini dilahirkan berbeda Meddy! \n\nBahwa kamu nggak bisa membandingkan dirimu dengan orang lain. Pada akhirnya, kita dilahirkan dengan tujuan yang tentu berbeda di muka bumi ini. Jadi, belajar berdamai, menerima, dan bersyukur sama dirimu sendiri. Cobalah menyadari, akan betapa berharganya dirimu, Meddy!",0,,,,,,,,,,,,
15,"Body Image atau citra tubuh adalah kombinasi dari pikiran dan perasaan yang dimiliki terhadap tubuh kita. Body image setiap orang itu bisa berbeda baik positif, negatif, maupun kombinasi keduanya. Namun, memang penting dan disarankan untuk bisa memiliki positive body image, Meddy.  \n\nBody image dapat dipengaruhi oleh faktor internal (misalnya kepribadian) dan eksternal (misalnya lingkungan sosial).",0,,,,,,,,,,,,
16,"Positive body image adalah ketika kamu bisa menerima, mengapresiasi, dan menghormati tubuhmu sendiri. Berbeda dengan Body Satisfaction, ketika kamu tidak sepenuhnya puas terhadap tubuhmu tetapi masih dapat menerimanya. \n\nPositive Body Image berkaitan dengan penerimaan diri, kepercayaan diri, dan memiliki perilaku sehari-hari yang sehat yang ditunjukkan dengan memiliki praktik makan dan olahraga yang sesuai dengan kebutuhan.",0,,,,,,,,,,,,
17,"1. Fokus pada kualitas, kemampuan, dan talentamu \n2. Hindari negative self-talk. Berikan apresiasi dan hargai dirimu sendiri! \n3. Fokus pada kesehatan bukan pada angka di timbangan. \n4. Unfollow orang-orang yang memicu pikiran negatif terhadap dirimu sendiri. ",0,,,,,,,,,,,,
18,"Hi Meddy! Kamu mau tau apa nih soal pola makan?",3,"Pola makan yang sehat itu gimana",33,"Mindset pola makan yang benar itu seperti apa?",34,"Tips pola makan yang sehat",35,,,,,,
19,"Hi Meddy! Kamu mau nanya apanih ke Melly soal eating disorder?",4,"Apa itu eating disorder",36,"Apa saja jenis eating disorder",37,"Kenapa eating disorder bisa terjadi",38,"Apakah aku punya eating disorder",39,,,,
20,"Hai Meddy, Melly ada beberapa rekomendasi nih untuk kamu, btw kamu mau jenis makanan apa nih?",3,"Makan siang",40,"Snack",41,"Makan malam",42,,,,,,
21,"Wah, Melly seneng banget berbagi tips ke Meddy! Apalagi seputar diet.",3,"Mindset diet yang benar",43,"Energi yang seimbang",44,"Olahraga",45,,,,,,
22,"Menurut riset, cerita orang lain sangat bermanfaat, yaitu dapat memberi rasa tenang, tidak merasa sendirian, mendapatkan support, serta yang terpenting mendapatkan masukan dan solusi dari orang-orang sekitar. Selain itu, bercerita ke orang lain dapat menurunkan risiko stress atau tertekan serta meningkatkan rasa percaya diri dan menghargai diri sendiri.",0,,,,,,,,,,,,
23,"Cerita kepada professional atau ahli dapat menjadi salah satu langkah yang sangat tepat bagi kamu yang merasa tidak nyaman cerita ke orang sekitar atau tidak merasa menemukan solusi setelah bercerita. Professional dapat membantu kamu untuk menemukan akar permasalahan kamu dan memberikan arahan yang tepat untuk kamu untuk menyelesaikan permasalahan ini. Dan ga ada salahnya kok Meddy!",0,,,,,,,,,,,,
24,"Berada di sebuah komunitas dengan orang-orang yang mengerti situasi kamu bisa jadi salah satu jalan keluarnya. Selain mendapatkan teman cerita baru, dengan komunitas kamu dapat menambah tingkat kepercayaan diri. Dengan komunitas yang suportif, Meddy juga dapat menjadikan tempat ini sebagai zona aman dan nyaman. Nah, kalo Meddy tertarik, Meddy bisa nih join ke komunitas Mealth pada link berikut https://bit.ly/MealthGroupCommunity ",0,,,,,,,,,,,,
25,"Mealth adalah sebuah community based platform yang bertujuan meningkatkan awareness tentang Eating Behavior (Eating Disorder) dan berkontribusi dalam membantu masyarakat Indonesia untuk bisa sehat secara fisik dan mental.",0,,,,,,,,,,,,
26,"Mealth punya beberapa event seru lho yang bisa kamu ikuti! Mulai dari :\n1. Menambah insight dan pengetahuanmu dengan ikut Webinar berisi materi-materi insightful!\n2. Ngobrol dan diskusi santai di Talkshow bersama para ahli di bidangnya!\n3. Curahkan isi hatimu dan masalah yang kamu alami di Mealthouse!\n4. Ikuti Challenge dari Mealth untuk dapatkan hadiah setiap bulannya!",0,,,,,,,,,,,,
27,"Yuk bergabung bersama komunitas Mealth yang akan menyediakan tempat yang aman, nyaman, dan suportif untuk bercerita dan melalui permasalahan yang kamu alami. Selain itu, kamu juga bisa memperluas koneksi dengan orang-orang yang juga memiliki permasalahan yang sama!",0,,,,,,,,,,,,
28,"Di dalam komunitas nanti, Meddy dapat berinteraksi, bertukar kabar, menanggapi cerita teman-teman, dan turut serta memberikan support satu sama lain dalam kondisi apapun.\nOiya, perlu diingat untuk tidak memberikan apresiasi kepada anggota Mealth yang mengalami penurunan badan namun dengan pola diet yang tidak baik. Karena di Mealth yang terpenting bukan siapa yang paling cepat dan banyak menaikkan atau menurunkan berat badan. Disini, kita sama-sama membangun mental dan mindset yang baik dalam menerima diri kita agar terhindar dari kebiasaan buruk.",0,,,,,,,,,,,,
29,"Kamu bisa ikut berkontribusi untuk menyelesaikan permasalahan eating disorder dengan membantu menyebarkan informasi lewat sosial mediamu. Agar kedepannya, semakin banyak orang yang tahu dan semakin banyak orang yang tersadarkan tentang isu Eating Disorder!",0,,,,,,,,,,,,
30,"Tahukah kamu, kalau 75% orang yang menderita eating disorder tidak mencari pertolongan profesional loh Meddy! Padahal masalah ini bukan masalah sederhana dan butuh penanganan segera dari professional. ",0,,,,,,,,,,,,
31,"Tahu nggak Meddy, kalau dua pertiga remaja putri dari segala usia tidak puas dengan berat badan mereka, yang menyebabkan mereka rentan memiliki perilaku pengendalian berat yang cenderung berbahaya. Makanya penting loh Meddy untuk memiliki body image yang benar dan untuk bisa menerima diri sendiri. ",0,,,,,,,,,,,,
32,"Ternyata kebiasaan makan kamu tuh juga dipengaruhi oleh faktor genetik! Apa aja?\n1. Sistem Metabolisme. Biasanya, Meddy yang makan banyak, tapi tetap kurus, atau makan sedikit jadi mudah naik beratnya, karena sistem metabolisme ini. Meskipun ini genetik, tapi tetep bisa kok diatur dengan olahraga.\n2. Selera Makan. Nah, kalo selera makan ini terjadi karena perbedaan genetik seperti kepadatan papila rasa, sensitivitas reseptor rasa, hingga konstituen air liur.",0,,,,,,,,,,,,
33,"Pola makan sehat itu bukan berarti makan dengan kalori tertentu, tetapi makan dengan bijak. Untuk tidak merasa bersalah ketika makan yang manis, yang berkalori tinggi, karena tubuh kamu sebenarnya butuh itu semua! Tapi harus diingat untuk bisa mengontrol diri ketika makan dan memastikan asupan makanan kamu seimbang. \n\nPola makan yang sehat juga berarti memiliki hubungan yang baik dengan makanan. Tidak merasa bersalah atau takut ketika makan. Karena ingat, pada akhirnya kamu butuh makan, Meddy!",0,,,,,,,,,,,,
34,"1. Bisa menikmati makanan dengan porsi yang bijak.\n2. Tidak melabeli satu makanan itu sehat atau tidak sehat karena pada dasarnya semua makanan itu baik asalkan memerhatikan cara pengolahan, waktu makan, dan porsi makan.\n3. Peka sama sinyal yang dikasih tubuh, baik itu kesehatan fisik maupun mental. Kalau dirasa ada yang tidak baik, sekecil apapun, coba evaluasi kebiasaan kamu.",0,,,,,,,,,,,,
35,"Sedikit tips langsung dari ahli gizi, pertama, ketika masak, lebih baik untuk menuangkan bumbu penyedap di akhir. Kedua, makanan lebih baik ketika mendekati rasa dan bentuk aslinya. Sebagai contoh, lebih baik makan buah potong dibanding buah yang dijus. Selain itu, ketika memasak penting untuk mengganti minyak goreng, jangan dipakai berulang kali terus. Terakhir, disarankan untuk makan terakhir kali di 3 jam sebelum tidur. Kalau mau tau lebih banyak, cek Instagram @mealth_id yah!",0,,,,,,,,,,,,
36,"Eating Disorder adalah serangkaian kondisi psikologis yang menyebabkan berkembangnya kebiasaan makan yang tidak sehat. Biasanya diawali dengan terobsesi pada makanan, berat badan, atau bentuk tubuh. Hal ini dapat berdampak negatif bagi kesehatan fisik dan mental seseorang. Perlu diingat bahwa eating disorder bukan hal yang sederhana, harus di diagnosis dan diberi penanganan yang tepat oleh ahlinya! \n\nBerdasarkan data di tahun 2019, ada sekitar 400.000 orang Indonesia yang mengalami eating disorder. Sayangnya, masih banyak masyarakat Indonesia yang masih menganggap hal ini tabu, bahkan banyak yang tidak tau tentang isu ini. Padahal bisa jadi ada orang-orang di sekitarmu yang juga mengalami eating disorder. Yuk sama-sama tingkatkan kesadaran dan bantu mereka yang sedang mengalami eating disorder dengan Mealth.",0,,,,,,,,,,,,
37,"Eating Disorder tuh ada banyak jenisnya loh, Meddy!  Mulai dari bulimia nervosa (makan dalam jumlah banyak lalu dimuntahkan dengan sengaja) , anorexia nervosa (penurunan berat badan secara ekstrim yang diikuti rasa takut untuk makan), binge eating disorder (makan dalam jumlah besar secara berulang), PICA (kebiasaan mengonsumsi benda bukan makanan), rumination (memuntahkan makanan lalu dimakan kembali, lalu memuntahkan dan memakannya kembali), dan masih banyak lagi. \n\nPerlu diingat yah Meddy bahwa kamu tidak bisa mendiagnosis diri kamu sendiri. Harus ahli yang bisa mendiagnosis apakah kamu memiliki eating disorder atau tidak karena eating disorder adalah keadaan yang kompleks.  Jangan sampai kamu self-diagnose karena tidak baik buat diri kamu sendiri, Meddy! Dan ga ada salahnya kok mencari bantuan langsung kepada mereka yang benar-benar mengerti, seperti psikolog, psikiater, ahli gizi, ataupun dokter. ",0,,,,,,,,,,,,
38,"Eating disorder bisa terjadi karena adanya rasa kurang percaya diri dan persepsi yang buruk dalam memandang diri sendiri. Ditambah dengan persepsi untuk harus berpenampilan sesuai dengan standar kecantikan. Padahal, kecantikan orang itu ga ada standarnya! Sayangnya, hal ini dapat menyebabkan perasaan takut ketika berat badan naik hingga ketika makan. Bisa juga disebabkan dengan hilangnya kontrol ketika makan.",0,,,,,,,,,,,,
39,"Ingat yah Meddy jangan pernah mendiagnosis dirimu sendiri! Tetapi tidak salah untuk cek apakah kamu memiliki kecenderungan atau tidak agar dapat cepat mendapatkan bantuan. Buat Meddy yang penasaran, bisa klik disini. Harus diingat kalau hanya ahli yang dapat mendiagnosis kamu, jadi lebih baik langsung pastikan kepada mereka yah. ",0,,,,,,,,,,,,
40,"Gado-gado\nBagi Meddy yang mau makan siang yang ringan dan sehat, gado-gado adalah jawabannya. Paduan kentang dengan beragam sayuran segar dan bumbu kacang sangat cocok untuk di siang hari.\n\nAglio Olio\nUntuk Meddy yang mau masak anti ribet, aglio olio dapat menjadi jawabannya. Khasnya rasa bawang ditambah dengan irisan daging asap, cocok di makan di siang hari.\n\nNasi Padang\nNasi padang dengan porsinya yang besar dan bumbunya yang khas, dapat menjadi pilihan ketika Meddy butuh makan berat di siang hari.",0,,,,,,,,,,,,
41,"Spring Roll Vietnam\nNah, Meddy juga bisa cobain nih fresh spring roll, perpaduan sayuran segar, udang, dan bihun, dibalut dengan rice wrapper ditambah dengan saus kacang yang lezat, fix Meddy pasti suka banget.\n\nSalad Buah\nSalad Buah adalah makanan yang sehat dan segar. Selain itu, salad buah memiliki banyak vitamin. Maka dari itu, makanan ini sangat cocok untukmu.\n\nOat Snack\nUntuk Meddy yang mau snack rendah kalori, bisa cobain Oat Snack nih. Selain itu, Oat Snack dapat memberikan rasa kenyang untuk Meddy.",0,,,,,,,,,,,,
42,"Sirloin Steak\nBagi Meddy pecinta daging sapi, sirloin steak dapat menjadi salah satu menu makan malam yang tepat. Selain itu, Meddy dapat menambahkan sayuran buncis atau olahan kentang sebagai karbohidrat.\n\nSate\nSate merupakan salah satu opsi terbaik untuk makan malam nih. Meddy bisa pilih jenis sate dan jenis bumbunya sesuai dengan preferensi Meddy!\n\nTom Yam\nTom Yam cocok banget nih bagi Meddy yang suka makanan-makanan khas Thailand. Rasanya yang sedikit asam ditambah dengan sayuran dan beberapa jenis olahan laut pas banget untuk nemenin makan malam Meddy!",0,,,,,,,,,,,,
43,"Dalam diet, kita harus memiliki mindset yang tepat. Hal yang pertama adalah untuk memiliki mindset diet untuk tujuan kesehatan bukan hanya untuk sembarang mengurangi timbangan berat badan. Health is not a look! Dan ingat ya Meddy, badan kurus itu bukan berarti sehat loh.\n\nDimulai dengan menghindari pola diet yang ekstrim apalagi sampai membahayakan kesehatan tubuh. Misalnya, pake obat diet karena hasilnya hanya bersifat sementara. Kalau mau hasil yang lebih stabil bagaimana? Cari pola diet yang benar dan yang dapat kamu jalani dengan konsisten. Gaperlu yang ekstrim, yang penting kamu nyaman menjalaninya dan tentunya sudah terbukti sehat dan mana. Setelah kamu mencapai target, tetap konsisten dengan menerapkan lifestyle yang baru supaya diet kamu bukan diet yo-yo alias akan balik lagi ke semula.",0,,,,,,,,,,,,
44,"Saat Meddy ingin menaikkan berat badan, Meddy perlu dalam kondisi kalori surplus. Dimana kalori masuk lebih banyak daripada kalori yang keluar. Begitu juga sebaliknya, saat Meddy ingin menurunkan berat badan. Tapi, Meddy perlu tahu batas minimal kalori masuk berapa dengan kalkulator TDEE https://tdeecalculator.net/ . Tapi ingat jangan sampai berlebihan yah, Meddy! Jangan lupa untuk be mindful!\n\nEits! Tapi Meddy gaboleh semata-mata hanya melihat kalori nya saja ya! Meddy juga perlu memperhatikan dari sisi macronutrients nya juga seperti:\nAsupan protein untuk menjaga nilai massa otot\nAsupan lemak sehat untuk menyimpan energi dalam tubuh\nAsupan karbohidrat juga sebagai sumber energi tubuh dalam berkegiatan\n\nKalau masih bingung, jangan takut untuk langsung konsultasi dengan ahlinya! Biar memastikan mana yang baik dan benar. ",0,,,,,,,,,,,,
45,"Selain mengatur pola makan, Meddy juga harus mengatur gaya hidup dengan olahraga yang lebih sering. Baiknya, olahraga sebanyak 150 menit/minggu atau sekitar 30 menit /hari dalam 5 hari seminggu.\nNamun, jika Meddy merasa itu terlalu berat, boleh kok mulai dengan durasi yang lebih singkat dan perlahan-lahan ditingkatkan. Intinya, harus konsisten!",0,,,,,,,,,,,,
